,Actual Outcome,prob_0,prob_1,predicted_TARGET
0,1.0,0.6164469103614305,0.3835530896385695,0.0
1,0.0,0.9885656028701378,0.011434397129862163,0.0
2,1.0,0.8706968606316013,0.12930313936839866,0.0
3,0.0,0.9539628113828137,0.04603718861718636,0.0
4,1.0,0.7266333004650994,0.27336669953490056,0.0
5,0.0,0.793019666029655,0.20698033397034496,0.0
6,0.0,0.7872820852848229,0.21271791471517706,0.0
7,1.0,0.6052331827198152,0.3947668172801848,0.0
8,1.0,0.5042831031799373,0.4957168968200627,0.0
9,0.0,0.9651633060699414,0.03483669393005863,0.0
10,0.0,0.9830170078475566,0.016982992152443407,0.0
11,0.0,0.885854313726977,0.11414568627302302,0.0
12,0.0,0.6478366419462843,0.3521633580537157,0.0
13,1.0,0.6224180254382073,0.37758197456179265,0.0
14,0.0,0.9120557400222739,0.0879442599777261,0.0
15,0.0,0.6131952984311126,0.38680470156888735,0.0
16,1.0,0.7733907755793676,0.22660922442063236,0.0
17,0.0,0.9218745005593533,0.07812549944064671,0.0
18,1.0,0.7265748241929416,0.2734251758070584,0.0
19,0.0,0.5467115522674271,0.45328844773257293,0.0
20,0.0,0.8756447237011966,0.12435527629880337,0.0
21,1.0,0.6457440704631019,0.3542559295368981,0.0
22,0.0,0.9393068272674735,0.06069317273252649,0.0
23,0.0,0.8080822494016825,0.1919177505983175,0.0
24,0.0,0.9591716707004185,0.04082832929958143,0.0
25,0.0,0.9168570977055639,0.08314290229443616,0.0
26,0.0,0.9352007259351667,0.06479927406483335,0.0
27,1.0,0.7037031114292218,0.29629688857077824,0.0
28,0.0,0.8970725919416499,0.1029274080583501,0.0
29,1.0,0.9510052266606969,0.04899477333930314,0.0
30,0.0,0.7142142342900759,0.28578576570992414,0.0
31,0.0,0.8956566175310988,0.10434338246890121,0.0
32,0.0,0.8373380002793246,0.16266199972067538,0.0
33,0.0,0.5603922912680586,0.4396077087319414,0.0
34,0.0,0.9651064006458349,0.03489359935416518,0.0
35,0.0,0.9466325409541485,0.05336745904585154,0.0
36,0.0,0.678850094304912,0.3211499056950879,0.0
37,0.0,0.9871746983925912,0.012825301607408818,0.0
38,0.0,0.37545690178387614,0.6245430982161239,1.0
39,0.0,0.7376962110358571,0.26230378896414286,0.0
40,0.0,0.9506676132480566,0.0493323867519434,0.0
41,0.0,0.9055607625604797,0.09443923743952036,0.0
42,0.0,0.8686816312809631,0.13131836871903696,0.0
43,0.0,0.8817192177931256,0.11828078220687448,0.0
44,0.0,0.9787489994441939,0.021251000555806043,0.0
45,0.0,0.8084128305596937,0.1915871694403063,0.0
46,0.0,0.8012596174355707,0.1987403825644293,0.0
47,0.0,0.9008316313893006,0.09916836861069947,0.0
48,1.0,0.8041312245045127,0.19586877549548737,0.0
49,0.0,0.5226388942590415,0.47736110574095847,0.0
50,0.0,0.9864040844922387,0.013595915507761255,0.0
51,0.0,0.988229180706292,0.011770819293708022,0.0
52,1.0,0.6118945357818627,0.3881054642181373,0.0
53,1.0,0.8770417249482899,0.12295827505171013,0.0
54,0.0,0.8916765135100895,0.10832348648991047,0.0
55,0.0,0.9455038838073441,0.054496116192655944,0.0
56,0.0,0.8371513216423548,0.16284867835764516,0.0
57,0.0,0.9272539333450522,0.07274606665494776,0.0
58,0.0,0.817674212914013,0.18232578708598704,0.0
59,1.0,0.9623594700416537,0.03764052995834633,0.0
60,1.0,0.557048192597454,0.442951807402546,0.0
61,0.0,0.31716880260103,0.68283119739897,1.0
62,0.0,0.8923556648495132,0.1076443351504868,0.0
63,0.0,0.940640661107195,0.05935933889280498,0.0
64,0.0,0.9513831822330487,0.04861681776695128,0.0
65,0.0,0.8843490883672679,0.11565091163273214,0.0
66,1.0,0.7911515360280069,0.20884846397199308,0.0
67,1.0,0.8605994282790619,0.13940057172093806,0.0
68,0.0,0.9601728733430981,0.039827126656901926,0.0
69,0.0,0.9115110924006619,0.08848890759933818,0.0
70,0.0,0.6475861647291339,0.35241383527086606,0.0
71,0.0,0.8779302074765705,0.12206979252342952,0.0
72,0.0,0.9675568614261058,0.03244313857389422,0.0
73,0.0,0.8533684576890943,0.14663154231090572,0.0
74,0.0,0.9856617329402901,0.014338267059709845,0.0
75,0.0,0.8137707660087115,0.18622923399128857,0.0
76,0.0,0.8664219055062958,0.1335780944937041,0.0
77,0.0,0.9792761271220095,0.020723872877990438,0.0
78,0.0,0.7199272110018168,0.2800727889981832,0.0
79,0.0,0.8868330868311033,0.11316691316889667,0.0
80,0.0,0.884034517425724,0.11596548257427593,0.0
81,1.0,0.6176658531734682,0.3823341468265318,0.0
82,1.0,0.9881317127285505,0.011868287271449477,0.0
83,0.0,0.8721999527274498,0.12780004727255026,0.0
84,0.0,0.9379671219970466,0.062032878002953415,0.0
85,0.0,0.8919436624115066,0.10805633758849338,0.0
86,0.0,0.9660071697784646,0.03399283022153546,0.0
87,0.0,0.923806067175458,0.076193932824542,0.0
88,1.0,0.23860141630671383,0.7613985836932862,1.0
89,0.0,0.8150960623586205,0.18490393764137952,0.0
90,0.0,0.9506528665804038,0.049347133419596186,0.0
91,0.0,0.8590917210492778,0.1409082789507222,0.0
92,1.0,0.7246720112446494,0.2753279887553506,0.0
93,0.0,0.7799367818651977,0.2200632181348023,0.0
94,0.0,0.907139317517753,0.092860682482247,0.0
95,0.0,0.9421263160933282,0.05787368390667185,0.0
96,0.0,0.9836463485466745,0.016353651453325454,0.0
97,0.0,0.7843349173921486,0.2156650826078515,0.0
98,1.0,0.6490120507717996,0.3509879492282005,0.0
99,0.0,0.9592498855307597,0.040750114469240234,0.0
100,1.0,0.6410910340189103,0.3589089659810897,0.0
101,0.0,0.9789624841819964,0.02103751581800364,0.0
102,0.0,0.530257094132478,0.469742905867522,0.0
103,1.0,0.8025844781739958,0.19741552182600416,0.0
104,0.0,0.0828700640726916,0.9171299359273084,1.0
105,0.0,0.9331059327487055,0.06689406725129454,0.0
106,0.0,0.8428819222429829,0.1571180777570172,0.0
107,0.0,0.973394867568067,0.026605132431932972,0.0
108,0.0,0.9805102740000584,0.019489725999941584,0.0
109,0.0,0.9235251980421866,0.07647480195781337,0.0
110,0.0,0.9618518751074585,0.0381481248925415,0.0
111,0.0,0.8182396636662947,0.1817603363337053,0.0
112,0.0,0.8931603988835681,0.10683960111643186,0.0
113,0.0,0.9267800719381845,0.07321992806181557,0.0
114,0.0,0.9702165560797829,0.029783443920217176,0.0
115,0.0,0.9363216761271744,0.06367832387282557,0.0
116,0.0,0.8240415526337698,0.17595844736623023,0.0
117,1.0,0.7405759756610378,0.25942402433896217,0.0
118,0.0,0.9369326520944778,0.06306734790552218,0.0
119,0.0,0.859113425883043,0.14088657411695701,0.0
120,0.0,0.8857808282234911,0.11421917177650891,0.0
121,0.0,0.9448434693561802,0.055156530643819715,0.0
122,0.0,0.9795225519054541,0.02047744809454586,0.0
123,0.0,0.9651450002680655,0.03485499973193455,0.0
124,1.0,0.783670539004991,0.21632946099500902,0.0
125,0.0,0.7406220777303822,0.2593779222696178,0.0
126,0.0,0.9737971106945731,0.0262028893054269,0.0
127,0.0,0.5269971935066768,0.4730028064933231,0.0
128,0.0,0.9508699446029378,0.04913005539706219,0.0
129,0.0,0.952340842946119,0.04765915705388106,0.0
130,0.0,0.9856361720094318,0.014363827990568222,0.0
131,1.0,0.6989904345914272,0.3010095654085728,0.0
132,0.0,0.8513701299068278,0.14862987009317222,0.0
133,0.0,0.7702700008932598,0.22972999910674016,0.0
134,0.0,0.9505936180958241,0.049406381904175865,0.0
135,0.0,0.9863242497527928,0.013675750247207246,0.0
136,0.0,0.8496643300643395,0.15033566993566053,0.0
137,0.0,0.8303115267729333,0.16968847322706673,0.0
138,0.0,0.8947092710751549,0.10529072892484515,0.0
139,1.0,0.7992039387468203,0.2007960612531797,0.0
140,0.0,0.9438654091575421,0.05613459084245787,0.0
141,1.0,0.7075136724869374,0.2924863275130626,0.0
142,0.0,0.9336352905155418,0.0663647094844582,0.0
143,1.0,0.7836113241181566,0.2163886758818434,0.0
144,0.0,0.5304851730889161,0.4695148269110839,0.0
145,0.0,0.8401849123959901,0.15981508760400986,0.0
146,0.0,0.8921033463534249,0.10789665364657511,0.0
147,1.0,0.7683278524157672,0.23167214758423282,0.0
148,0.0,0.9511652697920416,0.04883473020795832,0.0
149,0.0,0.9574979688443008,0.04250203115569915,0.0
150,0.0,0.9588196266475055,0.04118037335249451,0.0
151,1.0,0.2989530000896511,0.7010469999103489,1.0
152,0.0,0.6589848607817663,0.3410151392182336,0.0
153,0.0,0.9696814421421972,0.030318557857802783,0.0
154,0.0,0.9079603427149032,0.0920396572850968,0.0
155,0.0,0.9556912818129571,0.0443087181870429,0.0
156,0.0,0.9414916131185548,0.05850838688144517,0.0
157,0.0,0.9542411211853877,0.04575887881461226,0.0
158,0.0,0.8627565696441127,0.1372434303558873,0.0
159,0.0,0.8642066301725563,0.13579336982744372,0.0
160,0.0,0.7863830168881234,0.21361698311187657,0.0
161,0.0,0.9818794320010872,0.018120567998912866,0.0
162,0.0,0.9238699206920724,0.07613007930792756,0.0
163,0.0,0.775762534623359,0.22423746537664102,0.0
164,0.0,0.9822955058128534,0.017704494187146598,0.0
165,1.0,0.6975126230718316,0.30248737692816835,0.0
166,0.0,0.3265912509596124,0.6734087490403876,1.0
167,0.0,0.7816578930139321,0.2183421069860679,0.0
168,0.0,0.9320927584237975,0.06790724157620258,0.0
169,0.0,0.9357657208941863,0.06423427910581372,0.0
170,0.0,0.9610617636207521,0.0389382363792479,0.0
171,1.0,0.7911345650665723,0.20886543493342768,0.0
172,0.0,0.8173143585263452,0.1826856414736548,0.0
173,0.0,0.8706882673002391,0.12931173269976093,0.0
174,0.0,0.8475343076307991,0.152465692369201,0.0
175,0.0,0.9540731625441149,0.04592683745588509,0.0
176,0.0,0.974824611318217,0.02517538868178303,0.0
177,0.0,0.9604079070801698,0.039592092919830194,0.0
178,0.0,0.9421296038732222,0.057870396126777836,0.0
179,0.0,0.9566495690976432,0.04335043090235683,0.0
180,0.0,0.5815949960243527,0.4184050039756472,0.0
181,1.0,0.9244818463762992,0.07551815362370083,0.0
182,0.0,0.9194309304495637,0.0805690695504363,0.0
183,0.0,0.895853313760717,0.10414668623928298,0.0
184,0.0,0.97574924659387,0.024250753406130036,0.0
185,0.0,0.980480834323671,0.019519165676329105,0.0
186,0.0,0.9399462711570841,0.06005372884291597,0.0
187,0.0,0.9417317136269565,0.05826828637304345,0.0
188,0.0,0.925921573924491,0.074078426075509,0.0
189,0.0,0.9171425717516981,0.08285742824830189,0.0
190,0.0,0.9561507622612735,0.04384923773872652,0.0
191,0.0,0.9724293841808718,0.027570615819128202,0.0
192,0.0,0.9176948924006825,0.08230510759931756,0.0
193,0.0,0.9834569605031631,0.016543039496836935,0.0
194,0.0,0.9674543801644692,0.03254561983553082,0.0
195,0.0,0.9627429782686485,0.037257021731351495,0.0
196,0.0,0.9425264542320668,0.05747354576793322,0.0
197,0.0,0.7811324352028128,0.21886756479718722,0.0
198,1.0,0.9217846072994592,0.07821539270054079,0.0
199,0.0,0.9787069536350184,0.021293046364981628,0.0
200,0.0,0.7731086844019631,0.2268913155980369,0.0
201,0.0,0.6433002459372448,0.3566997540627553,0.0
202,0.0,0.8866889814120738,0.11331101858792623,0.0
203,0.0,0.3513078444526937,0.6486921555473063,1.0
204,0.0,0.939196315269615,0.060803684730385,0.0
205,0.0,0.9283050143327682,0.07169498566723174,0.0
206,0.0,0.9065007122767763,0.09349928772322363,0.0
207,0.0,0.9832223560965996,0.016777643903400388,0.0
208,0.0,0.9844226592110429,0.015577340788957107,0.0
209,0.0,0.9733516199502577,0.026648380049742362,0.0
210,0.0,0.9630105557211098,0.03698944427889015,0.0
211,0.0,0.6322923746984127,0.3677076253015873,0.0
212,1.0,0.5333674847596456,0.46663251524035443,0.0
213,0.0,0.9539483574725531,0.04605164252744683,0.0
214,0.0,0.7806250450172711,0.21937495498272885,0.0
215,1.0,0.8673181301835751,0.13268186981642494,0.0
216,1.0,0.7080464379160148,0.29195356208398515,0.0
217,0.0,0.8403735568996626,0.15962644310033733,0.0
218,0.0,0.9350832452400163,0.06491675475998374,0.0
219,0.0,0.9273458854004732,0.07265411459952681,0.0
220,0.0,0.7556405900931249,0.24435940990687507,0.0
221,0.0,0.7207289062695351,0.2792710937304649,0.0
222,0.0,0.917485629875026,0.08251437012497397,0.0
223,1.0,0.7497807605957918,0.25021923940420826,0.0
224,0.0,0.9739118251380525,0.026088174861947453,0.0
225,0.0,0.8481573630846083,0.15184263691539165,0.0
226,0.0,0.4793726342378163,0.5206273657621837,1.0
227,0.0,0.9428769936172912,0.05712300638270883,0.0
228,0.0,0.9407311787989052,0.05926882120109474,0.0
229,0.0,0.8995640600833961,0.10043593991660399,0.0
230,1.0,0.47514341107691793,0.5248565889230821,1.0
231,0.0,0.9472847490830302,0.052715250916969776,0.0
232,0.0,0.905653233896689,0.09434676610331104,0.0
233,0.0,0.9830309259303236,0.016969074069676352,0.0
234,0.0,0.9167333977559153,0.08326660224408461,0.0
235,0.0,0.9217038692233028,0.07829613077669713,0.0
236,0.0,0.891996596221049,0.10800340377895104,0.0
237,0.0,0.9786105231662833,0.021389476833716767,0.0
238,0.0,0.5624601294769572,0.4375398705230428,0.0
239,0.0,0.30461794582726054,0.6953820541727395,1.0
240,0.0,0.8320620575649089,0.16793794243509108,0.0
241,0.0,0.9730917688925249,0.026908231107475134,0.0
242,0.0,0.9088132172271807,0.09118678277281932,0.0
243,0.0,0.9774449098782115,0.022555090121788416,0.0
244,1.0,0.5855480031469082,0.4144519968530918,0.0
245,0.0,0.385823224782712,0.614176775217288,1.0
246,0.0,0.7472377457832619,0.25276225421673815,0.0
247,0.0,0.9087492483535786,0.09125075164642135,0.0
248,1.0,0.8790601211884999,0.12093987881150013,0.0
249,0.0,0.9504244974166263,0.049575502583373676,0.0
250,0.0,0.9424994845220939,0.05750051547790618,0.0
251,0.0,0.9414267402060386,0.05857325979396149,0.0
252,0.0,0.8497757319514745,0.15022426804852554,0.0
253,1.0,0.7558233265208493,0.24417667347915076,0.0
254,0.0,0.899400732354271,0.10059926764572896,0.0
255,0.0,0.9609585165949521,0.03904148340504785,0.0
256,0.0,0.759252496685892,0.24074750331410802,0.0
257,0.0,0.979538380757667,0.020461619242333084,0.0
258,0.0,0.8550777558930407,0.1449222441069593,0.0
259,0.0,0.9695038649209989,0.03049613507900106,0.0
260,1.0,0.8226753327970597,0.17732466720294024,0.0
261,0.0,0.6487526122575504,0.3512473877424496,0.0
262,0.0,0.9236560769872229,0.0763439230127772,0.0
263,0.0,0.9729034662501785,0.027096533749821416,0.0
264,0.0,0.9605277813018515,0.039472218698148556,0.0
265,1.0,0.9173161571552318,0.08268384284476817,0.0
266,0.0,0.9784258567181847,0.021574143281815228,0.0
267,0.0,0.6927109135394514,0.3072890864605487,0.0
268,1.0,0.9568381521625356,0.04316184783746435,0.0
269,1.0,0.9368307968011372,0.06316920319886273,0.0
270,0.0,0.9435860996264677,0.05641390037353238,0.0
271,0.0,0.907942316302787,0.09205768369721304,0.0
272,0.0,0.8952698068576451,0.10473019314235488,0.0
273,0.0,0.8747783683867667,0.12522163161323324,0.0
274,0.0,0.7607456684532332,0.23925433154676684,0.0
275,0.0,0.8904920465803542,0.10950795341964585,0.0
276,0.0,0.9217279934865458,0.07827200651345421,0.0
277,0.0,0.8602001692637888,0.13979983073621122,0.0
278,0.0,0.8936504673870425,0.1063495326129575,0.0
279,0.0,0.8864423870432652,0.11355761295673479,0.0
280,0.0,0.928293771233884,0.07170622876611595,0.0
281,0.0,0.751101349353929,0.24889865064607097,0.0
282,1.0,0.8822655609866316,0.11773443901336843,0.0
283,0.0,0.9307105401557808,0.06928945984421915,0.0
284,0.0,0.9493640774223757,0.05063592257762423,0.0
285,0.0,0.5277039581389551,0.4722960418610449,0.0
286,0.0,0.9276453918853074,0.0723546081146926,0.0
287,0.0,0.873758971385589,0.12624102861441103,0.0
288,0.0,0.5381429191250239,0.4618570808749761,0.0
289,0.0,0.6093335615905385,0.39066643840946147,0.0
290,0.0,0.8470502917447821,0.15294970825521795,0.0
291,1.0,0.5182113029786893,0.48178869702131066,0.0
292,0.0,0.8557927956802118,0.1442072043197882,0.0
293,0.0,0.5733774158395881,0.4266225841604118,0.0
294,0.0,0.9172081133122278,0.08279188668777215,0.0
295,0.0,0.925627800823359,0.07437219917664092,0.0
296,0.0,0.7910869783747697,0.20891302162523032,0.0
297,0.0,0.5174797618879498,0.48252023811205025,0.0
298,0.0,0.9128946245125756,0.0871053754874244,0.0
299,0.0,0.9525281983749319,0.04747180162506816,0.0
300,1.0,0.4511590826733626,0.5488409173266374,1.0
301,0.0,0.9339838243077057,0.06601617569229433,0.0
302,0.0,0.9318614110871078,0.06813858891289218,0.0
303,0.0,0.6670368238147145,0.3329631761852855,0.0
304,0.0,0.7379595356302159,0.2620404643697841,0.0
305,1.0,0.8750551434783701,0.12494485652162991,0.0
306,1.0,0.2483194842992813,0.7516805157007187,1.0
307,0.0,0.8266422056999659,0.1733577943000341,0.0
308,0.0,0.9900289090453068,0.009971090954693123,0.0
309,0.0,0.8861144670367787,0.1138855329632213,0.0
310,0.0,0.7694437025170939,0.2305562974829061,0.0
311,0.0,0.9711749798344111,0.028825020165588845,0.0
312,0.0,0.877678943332241,0.12232105666775905,0.0
313,0.0,0.9835071374275401,0.016492862572459875,0.0
314,1.0,0.6940068927444099,0.3059931072555902,0.0
315,1.0,0.9027898504900441,0.09721014950995592,0.0
316,0.0,0.6509545984689721,0.3490454015310279,0.0
317,0.0,0.8328087063192671,0.16719129368073293,0.0
318,0.0,0.9487637749826598,0.0512362250173402,0.0
319,0.0,0.9503352712659838,0.049664728734016124,0.0
320,1.0,0.3462444286689669,0.6537555713310331,1.0
321,0.0,0.8182212100453838,0.1817787899546162,0.0
322,0.0,0.9709312572937451,0.029068742706254903,0.0
323,1.0,0.5753765831008585,0.4246234168991415,0.0
324,0.0,0.12868934813359134,0.8713106518664087,1.0
325,0.0,0.9671629121563514,0.03283708784364862,0.0
326,0.0,0.9644351676935217,0.03556483230647834,0.0
327,1.0,0.7241751621880745,0.27582483781192546,0.0
328,0.0,0.9261139598210933,0.07388604017890664,0.0
329,1.0,0.9210885089741734,0.07891149102582662,0.0
330,0.0,0.5272608804733536,0.4727391195266463,0.0
331,0.0,0.9544991277088978,0.04550087229110222,0.0
332,0.0,0.7286289701475197,0.2713710298524803,0.0
333,0.0,0.9830801369987986,0.01691986300120139,0.0
334,0.0,0.8989469718478604,0.10105302815213954,0.0
335,0.0,0.907738509621573,0.09226149037842697,0.0
336,0.0,0.9793547576452665,0.02064524235473353,0.0
337,0.0,0.9712618770921537,0.028738122907846227,0.0
338,0.0,0.5363871992763971,0.4636128007236029,0.0
339,0.0,0.8451301996352859,0.15486980036471407,0.0
340,0.0,0.8481384289240914,0.15186157107590864,0.0
341,0.0,0.8551372021451529,0.14486279785484718,0.0
342,0.0,0.8998767079554741,0.10012329204452587,0.0
343,0.0,0.8517509978802944,0.14824900211970565,0.0
344,0.0,0.9436345944832769,0.05636540551672305,0.0
345,0.0,0.7015998287976989,0.2984001712023011,0.0
346,0.0,0.9115388581259247,0.08846114187407533,0.0
347,0.0,0.9700838424684504,0.029916157531549595,0.0
348,0.0,0.31894507318874976,0.6810549268112502,1.0
349,0.0,0.9184842461167807,0.08151575388321931,0.0
350,0.0,0.9578183076218237,0.042181692378176254,0.0
351,0.0,0.8910698536335522,0.10893014636644785,0.0
352,1.0,0.8627200035465028,0.13727999645349717,0.0
353,1.0,0.7597839231541365,0.24021607684586352,0.0
354,0.0,0.9693968793106685,0.030603120689331416,0.0
355,0.0,0.9407195303209717,0.05928046967902832,0.0
356,0.0,0.9602531623024965,0.039746837697503534,0.0
357,1.0,0.6720806745882638,0.3279193254117362,0.0
358,1.0,0.38906448652451486,0.6109355134754851,1.0
359,0.0,0.8794665520689218,0.12053344793107817,0.0
360,0.0,0.9808531168114243,0.019146883188575672,0.0
361,0.0,0.9572184132632454,0.04278158673675458,0.0
362,0.0,0.6623166903837693,0.3376833096162307,0.0
363,0.0,0.5381281585284607,0.4618718414715393,0.0
364,0.0,0.9640593706084486,0.03594062939155141,0.0
365,0.0,0.9254577643465142,0.07454223565348583,0.0
366,0.0,0.668623019102253,0.33137698089774703,0.0
367,0.0,0.8817211822085885,0.11827881779141147,0.0
368,0.0,0.9175716349541304,0.08242836504586962,0.0
369,0.0,0.8786214278002408,0.12137857219975927,0.0
370,0.0,0.9558055343498538,0.04419446565014621,0.0
371,0.0,0.736299476832551,0.263700523167449,0.0
372,0.0,0.853001455498111,0.146998544501889,0.0
373,0.0,0.9794829507410702,0.020517049258929818,0.0
374,0.0,0.6743950528343237,0.3256049471656764,0.0
375,0.0,0.8955836296837527,0.10441637031624734,0.0
376,0.0,0.6576132035716737,0.3423867964283262,0.0
377,0.0,0.9796032105093541,0.02039678949064591,0.0
378,1.0,0.6768716148043102,0.32312838519568976,0.0
379,0.0,0.9895804880107777,0.010419511989222323,0.0
380,0.0,0.950625709815394,0.04937429018460609,0.0
381,0.0,0.9751881392469868,0.02481186075301322,0.0
382,0.0,0.8891401149205393,0.11085988507946061,0.0
383,0.0,0.7781634050429043,0.22183659495709576,0.0
384,0.0,0.9469873423258279,0.05301265767417208,0.0
385,0.0,0.8730984012778488,0.12690159872215126,0.0
386,0.0,0.7988208250984015,0.20117917490159848,0.0
387,0.0,0.876950442307242,0.12304955769275805,0.0
388,0.0,0.9138013598265867,0.08619864017341332,0.0
389,1.0,0.68111752195635,0.31888247804365,0.0
390,0.0,0.9487084409654736,0.05129155903452642,0.0
391,0.0,0.9214814115893046,0.07851858841069538,0.0
392,0.0,0.8527161923517128,0.14728380764828716,0.0
393,0.0,0.6902653481575418,0.30973465184245813,0.0
394,1.0,0.7803263840689244,0.21967361593107557,0.0
395,0.0,0.9544868224569355,0.04551317754306448,0.0
396,0.0,0.9343135035731586,0.06568649642684145,0.0
397,0.0,0.553305800347627,0.44669419965237306,0.0
398,0.0,0.7976326024089004,0.2023673975910995,0.0
399,0.0,0.8761612376020239,0.12383876239797613,0.0
400,0.0,0.814883065649669,0.18511693435033102,0.0
401,0.0,0.843440549517515,0.15655945048248504,0.0
402,0.0,0.9101471931897507,0.08985280681024937,0.0
403,0.0,0.913085249174762,0.08691475082523803,0.0
404,1.0,0.5705098681149474,0.4294901318850526,0.0
405,0.0,0.7871878633854411,0.2128121366145589,0.0
406,0.0,0.876777659551371,0.12322234044862895,0.0
407,0.0,0.8531052347101924,0.14689476528980755,0.0
408,1.0,0.8932358022216681,0.1067641977783319,0.0
409,0.0,0.9483459451074729,0.0516540548925271,0.0
410,0.0,0.9619478113288672,0.038052188671132824,0.0
411,0.0,0.86773644590928,0.13226355409072005,0.0
412,0.0,0.7945233635274579,0.20547663647254208,0.0
413,0.0,0.8168619571383338,0.18313804286166627,0.0
414,0.0,0.9255305507454701,0.07446944925452989,0.0
415,0.0,0.8561255058444972,0.14387449415550274,0.0
416,0.0,0.43586131006456774,0.5641386899354323,1.0
417,0.0,0.876910346851351,0.12308965314864889,0.0
418,0.0,0.9530663025003444,0.0469336974996556,0.0
419,0.0,0.6882338134526254,0.3117661865473747,0.0
420,1.0,0.6364537761101294,0.36354622388987057,0.0
421,0.0,0.8103513308061742,0.18964866919382586,0.0
422,0.0,0.9743482654348868,0.0256517345651132,0.0
423,0.0,0.9172909104936469,0.08270908950635318,0.0
424,0.0,0.9634722009000923,0.03652779909990769,0.0
425,0.0,0.9625042085716987,0.03749579142830127,0.0
426,0.0,0.9652585400207706,0.03474145997922937,0.0
427,0.0,0.9536888443416095,0.046311155658390495,0.0
428,0.0,0.8288046441530875,0.17119535584691245,0.0
429,1.0,0.8917598783059806,0.10824012169401938,0.0
430,0.0,0.9373808445014029,0.06261915549859715,0.0
431,0.0,0.906042533302157,0.09395746669784295,0.0
432,0.0,0.7666801896204078,0.23331981037959212,0.0
433,0.0,0.9806970426047684,0.019302957395231572,0.0
434,0.0,0.9673290590354781,0.032670940964521965,0.0
435,1.0,0.648537285627262,0.351462714372738,0.0
436,0.0,0.9551252829112866,0.04487471708871336,0.0
437,0.0,0.7733870005860948,0.22661299941390517,0.0
438,0.0,0.9335957619881148,0.06640423801188516,0.0
439,0.0,0.9119519068638136,0.08804809313618644,0.0
440,0.0,0.9579849143093728,0.042015085690627126,0.0
441,0.0,0.9190826674405016,0.08091733255949844,0.0
442,1.0,0.7854955249435871,0.21450447505641285,0.0
443,0.0,0.9548285374394423,0.045171462560557755,0.0
444,0.0,0.9506967458448264,0.04930325415517358,0.0
445,0.0,0.6521012639677863,0.3478987360322137,0.0
446,0.0,0.9259720128471894,0.07402798715281053,0.0
447,0.0,0.7937269094956301,0.20627309050436998,0.0
448,1.0,0.8877886205717705,0.11221137942822948,0.0
449,1.0,0.8964932362765572,0.1035067637234428,0.0
450,0.0,0.9044493642145337,0.0955506357854663,0.0
451,0.0,0.8636874387717093,0.13631256122829077,0.0
452,0.0,0.8977419517026642,0.10225804829733576,0.0
453,0.0,0.9630751871419385,0.03692481285806146,0.0
454,1.0,0.9832880515263368,0.016711948473663175,0.0
455,0.0,0.652787082947341,0.34721291705265894,0.0
456,0.0,0.5213461544160313,0.47865384558396873,0.0
457,1.0,0.9261277010081286,0.07387229899187148,0.0
458,0.0,0.8102403106537113,0.18975968934628878,0.0
459,0.0,0.9190381208207604,0.08096187917923955,0.0
460,0.0,0.902209457055722,0.09779054294427807,0.0
461,0.0,0.8942752452234686,0.1057247547765314,0.0
462,0.0,0.812375773838911,0.18762422616108898,0.0
463,0.0,0.9717513509535152,0.02824864904648487,0.0
464,0.0,0.8892303491613803,0.11076965083861966,0.0
465,1.0,0.923909415690155,0.07609058430984504,0.0
466,1.0,0.7648378078529466,0.23516219214705336,0.0
467,0.0,0.9482610712835169,0.05173892871648314,0.0
468,1.0,0.22966198006283345,0.7703380199371666,1.0
469,0.0,0.8853055088474757,0.11469449115252425,0.0
470,0.0,0.960526354148454,0.03947364585154598,0.0
471,0.0,0.8230968352336496,0.17690316476635037,0.0
472,0.0,0.9715613291939047,0.02843867080609535,0.0
473,0.0,0.8858013571166454,0.11419864288335457,0.0
474,0.0,0.9281937478605002,0.07180625213949973,0.0
475,1.0,0.5197818653875439,0.48021813461245605,0.0
476,0.0,0.8146634336642298,0.18533656633577025,0.0
477,0.0,0.9319153020382703,0.06808469796172967,0.0
478,0.0,0.7949267326196895,0.2050732673803105,0.0
479,0.0,0.7478137987635327,0.25218620123646723,0.0
480,0.0,0.6569453154298008,0.34305468457019916,0.0
481,1.0,0.8623968046297389,0.13760319537026108,0.0
482,0.0,0.8553543490857438,0.14464565091425616,0.0
483,0.0,0.8807296802449699,0.1192703197550301,0.0
484,0.0,0.9416482532422372,0.058351746757762835,0.0
485,0.0,0.9207804554627679,0.0792195445372321,0.0
486,1.0,0.3099374237645838,0.6900625762354162,1.0
487,0.0,0.882554997009505,0.11744500299049503,0.0
488,0.0,0.9564696780879219,0.04353032191207808,0.0
489,0.0,0.917734525784484,0.08226547421551603,0.0
490,1.0,0.8513905804758596,0.14860941952414042,0.0
491,0.0,0.9711780408767839,0.02882195912321611,0.0
492,0.0,0.9402542515781936,0.05974574842180632,0.0
493,0.0,0.5545575056920364,0.44544249430796357,0.0
494,0.0,0.8300186320942446,0.1699813679057553,0.0
495,1.0,0.6701538385926791,0.3298461614073209,0.0
496,0.0,0.8942693853242996,0.10573061467570041,0.0
497,0.0,0.7176389942341979,0.2823610057658021,0.0
498,0.0,0.9043660218465561,0.09563397815344384,0.0
499,0.0,0.8101388028297611,0.18986119717023886,0.0
500,0.0,0.9650806876758832,0.034919312324116804,0.0
501,0.0,0.7497437096304336,0.25025629036956637,0.0
502,0.0,0.9729560437079244,0.027043956292075576,0.0
503,1.0,0.36896402640928716,0.6310359735907128,1.0
504,0.0,0.8157142710930101,0.1842857289069899,0.0
505,0.0,0.9776990981062896,0.022300901893710336,0.0
506,0.0,0.7185749630638469,0.2814250369361531,0.0
507,0.0,0.9120300410305889,0.0879699589694111,0.0
508,1.0,0.5659695560079152,0.4340304439920848,0.0
509,0.0,0.9828357878036237,0.017164212196376306,0.0
510,0.0,0.9530537223335437,0.0469462776664563,0.0
511,0.0,0.8091155106141598,0.19088448938584024,0.0
512,0.0,0.9226066934915527,0.0773933065084473,0.0
513,0.0,0.5052942461914733,0.49470575380852666,0.0
514,0.0,0.7635725494885046,0.23642745051149536,0.0
515,0.0,0.9434423731668159,0.056557626833184084,0.0
516,0.0,0.9518918123363382,0.04810818766366181,0.0
517,0.0,0.8417111399520678,0.1582888600479322,0.0
518,0.0,0.5142580854291806,0.4857419145708194,0.0
519,0.0,0.9287814935729172,0.07121850642708283,0.0
520,0.0,0.8327428494677525,0.16725715053224757,0.0
521,0.0,0.8236309767203148,0.17636902327968518,0.0
522,0.0,0.5275944312787523,0.4724055687212477,0.0
523,0.0,0.9220540512722576,0.0779459487277424,0.0
524,0.0,0.4732101799720634,0.5267898200279366,1.0
525,0.0,0.9626153991097063,0.03738460089029368,0.0
526,0.0,0.9614781612936972,0.03852183870630279,0.0
527,0.0,0.8472543497610894,0.15274565023891068,0.0
528,0.0,0.97196635820023,0.028033641799769988,0.0
529,0.0,0.9432467707971685,0.05675322920283153,0.0
530,0.0,0.9541023339734007,0.04589766602659927,0.0
531,1.0,0.31022050611852725,0.6897794938814727,1.0
532,0.0,0.9000028927167207,0.09999710728327925,0.0
533,0.0,0.9392343289742676,0.06076567102573237,0.0
534,0.0,0.9043789157228252,0.09562108427717474,0.0
535,0.0,0.957548425567985,0.042451574432015006,0.0
536,0.0,0.9116337924510987,0.08836620754890134,0.0
537,0.0,0.8495651733247305,0.1504348266752695,0.0
538,1.0,0.7252377337424774,0.2747622662575227,0.0
539,0.0,0.8960218157868918,0.10397818421310824,0.0
540,0.0,0.698815671800151,0.30118432819984897,0.0
541,0.0,0.9171615958990029,0.08283840410099709,0.0
542,0.0,0.988809994508401,0.01119000549159897,0.0
543,0.0,0.9810893970613626,0.018910602938637482,0.0
544,0.0,0.7904490482707762,0.20955095172922372,0.0
545,0.0,0.889628987488118,0.11037101251188192,0.0
546,0.0,0.4537275879889594,0.5462724120110406,1.0
547,0.0,0.5234183102012022,0.47658168979879784,0.0
548,0.0,0.9010333411269233,0.0989666588730766,0.0
549,0.0,0.8939809461615811,0.10601905383841898,0.0
550,0.0,0.9617352344232816,0.038264765576718464,0.0
551,0.0,0.9312278950926698,0.06877210490733027,0.0
552,1.0,0.9729470959029611,0.027052904097038828,0.0
553,1.0,0.7959414597879972,0.20405854021200276,0.0
554,0.0,0.8402239592292333,0.1597760407707667,0.0
555,0.0,0.6330543807194815,0.3669456192805185,0.0
556,0.0,0.9400408920900528,0.05995910790994717,0.0
557,1.0,0.6706983754685965,0.32930162453140355,0.0
558,1.0,0.9741806836863662,0.02581931631363373,0.0
559,0.0,0.9287599435856764,0.07124005641432368,0.0
560,0.0,0.9238256467756429,0.07617435322435709,0.0
561,0.0,0.771353172609555,0.22864682739044495,0.0
562,0.0,0.8587917590051175,0.14120824099488247,0.0
563,0.0,0.8493957402858102,0.15060425971418975,0.0
564,0.0,0.8956355664509693,0.10436443354903067,0.0
565,0.0,0.9483761258563554,0.05162387414364452,0.0
566,0.0,0.7467470098038671,0.25325299019613284,0.0
567,1.0,0.9406757080186858,0.059324291981314184,0.0
568,0.0,0.8549603267364201,0.1450396732635799,0.0
569,0.0,0.8928021758754785,0.10719782412452145,0.0
570,0.0,0.9713709291486539,0.02862907085134617,0.0
571,0.0,0.9205447330147258,0.07945526698527412,0.0
572,1.0,0.8146391104752605,0.18536088952473947,0.0
573,0.0,0.9308795570754883,0.06912044292451168,0.0
574,0.0,0.9708426402054072,0.029157359794592795,0.0
575,0.0,0.9441448186368935,0.055855181363106576,0.0
576,0.0,0.9766600493646064,0.023339950635393594,0.0
577,0.0,0.6041148042144366,0.3958851957855633,0.0
578,0.0,0.7434652534931131,0.2565347465068869,0.0
579,0.0,0.978842773912746,0.02115722608725397,0.0
580,1.0,0.8865508481746933,0.1134491518253067,0.0
581,0.0,0.9460958218273561,0.05390417817264396,0.0
582,0.0,0.8984363126320452,0.10156368736795479,0.0
583,0.0,0.9661401404407804,0.03385985955921959,0.0
584,0.0,0.9238050228472827,0.0761949771527173,0.0
585,0.0,0.9122094917323137,0.08779050826768632,0.0
586,0.0,0.9530231001103885,0.04697689988961153,0.0
587,1.0,0.6162838054026811,0.3837161945973189,0.0
588,0.0,0.8340369344630532,0.1659630655369468,0.0
589,0.0,0.9582825340755254,0.04171746592447458,0.0
590,1.0,0.4264856157177159,0.5735143842822841,1.0
591,1.0,0.7037964755237438,0.29620352447625614,0.0
592,0.0,0.9621071588730986,0.03789284112690141,0.0
593,0.0,0.9266640473012772,0.0733359526987228,0.0
594,0.0,0.9471590768624271,0.05284092313757296,0.0
595,0.0,0.8267656684775098,0.17323433152249018,0.0
596,0.0,0.9630501561713334,0.03694984382866659,0.0
597,0.0,0.9445056770219066,0.05549432297809344,0.0
598,1.0,0.46756903100166636,0.5324309689983336,1.0
599,0.0,0.9401420901282215,0.059857909871778546,0.0
